resume,industry
"
Name: Rahul Gowda

Education:
B.Sc Data Science

Professional Summary:
Motivated Data Science candidate with knowledge of Feature Engineering, Seaborn, Streamlit. Passionate about learning new technologies and solving real-world problems.

Technical Skills:
Feature Engineering, Seaborn, Streamlit, Machine Learning, Python, SQL, Data Cleaning

Projects:
Stock Price Prediction
Customer Churn Prediction

Experience:
1 Year Experience

Certification:
Google Data Analytics Professional Certificate
",Data Science
"
Name: Nithya Shetty

Education:
B.Tech Computer Science

Professional Summary:
Motivated Data Science candidate with knowledge of Feature Engineering, Pandas, Python. Passionate about learning new technologies and solving real-world problems.

Technical Skills:
Feature Engineering, Pandas, Python, Scikit-learn, NumPy, Excel, Statistics

Projects:
Customer Churn Prediction
Traffic Congestion Analysis

Experience:
Fresher

Certification:
Google Data Analytics Professional Certificate
",Data Science
"
Name: Nithya Naidu

Education:
B.Sc Data Science

Professional Summary:
Motivated Data Science candidate with knowledge of Data Visualization, Scikit-learn, Data Cleaning. Passionate about learning new technologies and solving real-world problems.

Technical Skills:
Data Visualization, Scikit-learn, Data Cleaning, Seaborn, Statistics, Streamlit, NumPy

Projects:
Recommendation System
Sales Prediction

Experience:
2 Years Experience

Certification:
Microsoft Certified Azure AI Fundamentals
",Data Science
"
Name: Aarav Gowda

Education:
B.Com

Professional Summary:
Motivated Data Analyst candidate with knowledge of Dashboard, SQL, Statistics. Passionate about learning new technologies and solving real-world problems.

Technical Skills:
Dashboard, SQL, Statistics, Data Visualization, Excel, Git, Python

Projects:
Customer Analysis
Marketing Dashboard

Experience:
Internship

Certification:
Microsoft Power BI Data Analyst Associate
",Data Analyst
"
Name: Kiran Verma

Education:
BBA

Professional Summary:
Motivated Data Analyst candidate with knowledge of Data Visualization, Reporting, Excel. Passionate about learning new technologies and solving real-world problems.

Technical Skills:
Data Visualization, Reporting, Excel, Power BI, Pivot Tables, Statistics, Charts

Projects:
Customer Analysis
Marketing Dashboard

Experience:
1 Year Experience

Certification:
Microsoft Power BI Data Analyst Associate
",Data Analyst
"
Name: Priya Singh

Education:
MBA

Professional Summary:
Motivated Data Analyst candidate with knowledge of Data Visualization, Statistics, SQL. Passionate about learning new technologies and solving real-world problems.

Technical Skills:
Data Visualization, Statistics, SQL, Data Cleaning, Pandas, Excel, Dashboard

Projects:
Sales Dashboard
Blinkit Dashboard

Experience:
2 Years Experience

Certification:
NPTEL Data Analytics
",Data Analyst
"
Name: Rahul Reddy

Education:
B.Sc Data Science

Professional Summary:
Motivated Data Science candidate with knowledge of Seaborn, Statistics, Machine Learning. Passionate about learning new technologies and solving real-world problems.

Technical Skills:
Seaborn, Statistics, Machine Learning, Scikit-learn, SQL, Feature Engineering, Pandas

Projects:
Sentiment Analysis
Sales Prediction

Experience:
1 Year Experience

Certification:
NPTEL Python for Data Science
",Data Science
"
Name: Aditya Singh

Education:
MBA

Professional Summary:
Motivated Data Analyst candidate with knowledge of Communication, Reporting, Dashboard. Passionate about learning new technologies and solving real-world problems.

Technical Skills:
Communication, Reporting, Dashboard, Git, Pandas, Statistics, Data Cleaning

Projects:
Sales Dashboard
Blinkit Dashboard

Experience:
Fresher

Certification:
Google Data Analytics Professional Certificate
",Data Analyst
"
Name: Nithya Naidu

Education:
MBA

Professional Summary:
Motivated Data Analyst candidate with knowledge of Reporting, Power BI, Communication. Passionate about learning new technologies and solving real-world problems.

Technical Skills:
Reporting, Power BI, Communication, Charts, Pandas, Git, Python

Projects:
Retail Dashboard
Blinkit Dashboard

Experience:
1 Year Experience

Certification:
Google Data Analytics Professional Certificate
",Data Analyst
"
Name: Aditya Sharma

Education:
B.Tech Data Science

Professional Summary:
Motivated Data Science candidate with knowledge of Machine Learning, Excel, Python. Passionate about learning new technologies and solving real-world problems.

Technical Skills:
Machine Learning, Excel, Python, Data Visualization, Matplotlib, SQL, Data Cleaning

Projects:
Traffic Congestion Analysis
Sentiment Analysis

Experience:
1 Year Experience

Certification:
AWS Certified Cloud Practitioner
",Data Science
"
Name: Rohit Joshi

Education:
B.Sc Data Science

Professional Summary:
Motivated Data Science candidate with knowledge of Machine Learning, Statistics, Streamlit. Passionate about learning new technologies and solving real-world problems.

Technical Skills:
Machine Learning, Statistics, Streamlit, NumPy, Seaborn, Data Visualization, Scikit-learn

Projects:
Customer Churn Prediction
Traffic Congestion Analysis

Experience:
Fresher

Certification:
Microsoft Certified Azure AI Fundamentals
",Data Science
"
Name: Rohit Shetty

Education:
BBA

Professional Summary:
Motivated Data Analyst candidate with knowledge of Git, Charts, Business Intelligence. Passionate about learning new technologies and solving real-world problems.

Technical Skills:
Git, Charts, Business Intelligence, Data Cleaning, Pandas, Python, Power BI

Projects:
Retail Dashboard
Financial Dashboard

Experience:
Fresher

Certification:
Microsoft Power BI Data Analyst Associate
",Data Analyst
"
Name: Nithya Shetty

Education:
B.Tech Data Science

Professional Summary:
Motivated Data Analyst candidate with knowledge of Pandas, Communication, Reporting. Passionate about learning new technologies and solving real-world problems.

Technical Skills:
Pandas, Communication, Reporting, Business Intelligence, Pivot Tables, Data Visualization, Power BI

Projects:
Hospital Dashboard
Sales Dashboard

Experience:
2 Years Experience

Certification:
Google Data Analytics Professional Certificate
",Data Analyst
"
Name: Aarav Joshi

Education:
B.Tech Computer Science

Professional Summary:
Motivated Data Science candidate with knowledge of Scikit-learn, Statistics, Matplotlib. Passionate about learning new technologies and solving real-world problems.

Technical Skills:
Scikit-learn, Statistics, Matplotlib, Seaborn, NumPy, Data Visualization, Feature Engineering

Projects:
Sentiment Analysis
Sales Prediction

Experience:
6 Months Internship

Certification:
NPTEL Python for Data Science
",Data Science
"
Name: Aarav Kumar

Education:
B.Tech Data Science

Professional Summary:
Motivated Data Analyst candidate with knowledge of Data Visualization, Python, Dashboard. Passionate about learning new technologies and solving real-world problems.

Technical Skills:
Data Visualization, Python, Dashboard, Data Cleaning, Power BI, Pivot Tables, Charts

Projects:
Retail Dashboard
Marketing Dashboard

Experience:
Internship

Certification:
NPTEL Data Analytics
",Data Analyst
"
Name: Priya Joshi

Education:
B.Com

Professional Summary:
Motivated Data Analyst candidate with knowledge of Pivot Tables, Git, Communication. Passionate about learning new technologies and solving real-world problems.

Technical Skills:
Pivot Tables, Git, Communication, Statistics, Python, Data Visualization, Dashboard

Projects:
Customer Analysis
Retail Dashboard

Experience:
2 Years Experience

Certification:
Excel Skills for Business
",Data Analyst
"
Name: Aarav Kumar

Education:
B.Tech Computer Science

Professional Summary:
Motivated Data Science candidate with knowledge of Feature Engineering, SQL, Statistics. Passionate about learning new technologies and solving real-world problems.

Technical Skills:
Feature Engineering, SQL, Statistics, Scikit-learn, Machine Learning, Python, Data Cleaning

Projects:
Stock Price Prediction
Sentiment Analysis

Experience:
6 Months Internship

Certification:
AWS Certified Cloud Practitioner
",Data Science
"
Name: Priya Verma

Education:
B.Com

Professional Summary:
Motivated Data Analyst candidate with knowledge of Data Visualization, Charts, Dashboard. Passionate about learning new technologies and solving real-world problems.

Technical Skills:
Data Visualization, Charts, Dashboard, Excel, Communication, Statistics, Pivot Tables

Projects:
Hospital Dashboard
Blinkit Dashboard

Experience:
2 Years Experience

Certification:
NPTEL Data Analytics
",Data Analyst
"
Name: Arjun Sharma

Education:
MCA

Professional Summary:
Motivated Data Science candidate with knowledge of Scikit-learn, Seaborn, Data Visualization. Passionate about learning new technologies and solving real-world problems.

Technical Skills:
Scikit-learn, Seaborn, Data Visualization, Python, Feature Engineering, Streamlit, NumPy

Projects:
Sentiment Analysis
Sales Prediction

Experience:
Fresher

Certification:
Microsoft Certified Azure AI Fundamentals
",Data Science
"
Name: Priya Sharma

Education:
MCA

Professional Summary:
Motivated Data Science candidate with knowledge of Seaborn, Pandas, Scikit-learn. Passionate about learning new technologies and solving real-world problems.

Technical Skills:
Seaborn, Pandas, Scikit-learn, Data Visualization, Statistics, Streamlit, Matplotlib

Projects:
Traffic Congestion Analysis
Sentiment Analysis

Experience:
2 Years Experience

Certification:
IBM Data Science Professional Certificate
",Data Science
"
Name: Rahul Reddy

Education:
MBA

Professional Summary:
Motivated Data Analyst candidate with knowledge of Pivot Tables, Data Cleaning, Power BI. Passionate about learning new technologies and solving real-world problems.

Technical Skills:
Pivot Tables, Data Cleaning, Power BI, Pandas, Git, Reporting, Business Intelligence

Projects:
Marketing Dashboard
Financial Dashboard

Experience:
Fresher

Certification:
Microsoft Power BI Data Analyst Associate
",Data Analyst
"
Name: Kiran Reddy

Education:
B.Tech Computer Science

Professional Summary:
Motivated Data Science candidate with knowledge of Excel, Data Cleaning, Machine Learning. Passionate about learning new technologies and solving real-world problems.

Technical Skills:
Excel, Data Cleaning, Machine Learning, Streamlit, Matplotlib, Scikit-learn, SQL

Projects:
Sales Prediction
Stock Price Prediction

Experience:
6 Months Internship

Certification:
Microsoft Certified Azure AI Fundamentals
",Data Science
"
Name: Pooja Naidu

Education:
MBA

Professional Summary:
Motivated Data Analyst candidate with knowledge of Statistics, Pandas, Data Cleaning. Passionate about learning new technologies and solving real-world problems.

Technical Skills:
Statistics, Pandas, Data Cleaning, Excel, Python, SQL, Power BI

Projects:
Marketing Dashboard
Financial Dashboard

Experience:
1 Year Experience

Certification:
IBM Data Analyst Professional Certificate
",Data Analyst
"
Name: Priya Naidu

Education:
MCA

Professional Summary:
Motivated Data Science candidate with knowledge of SQL, Machine Learning, Matplotlib. Passionate about learning new technologies and solving real-world problems.

Technical Skills:
SQL, Machine Learning, Matplotlib, Statistics, Pandas, NumPy, Seaborn

Projects:
Fraud Detection
Stock Price Prediction

Experience:
6 Months Internship

Certification:
IBM Data Science Professional Certificate
",Data Science
"
Name: Pooja Gowda

Education:
B.Tech Data Science

Professional Summary:
Motivated Data Science candidate with knowledge of Data Visualization, Python, Feature Engineering. Passionate about learning new technologies and solving real-world problems.

Technical Skills:
Data Visualization, Python, Feature Engineering, SQL, Streamlit, Pandas, NumPy

Projects:
Stock Price Prediction
Fraud Detection

Experience:
1 Year Experience

Certification:
NPTEL Python for Data Science
",Data Science
"
Name: Arjun Naidu

Education:
B.Tech Data Science

Professional Summary:
Motivated Data Science candidate with knowledge of Matplotlib, Data Cleaning, Machine Learning. Passionate about learning new technologies and solving real-world problems.

Technical Skills:
Matplotlib, Data Cleaning, Machine Learning, NumPy, SQL, Feature Engineering, Scikit-learn

Projects:
Customer Churn Prediction
Resume Screening

Experience:
1 Year Experience

Certification:
Microsoft Certified Azure AI Fundamentals
",Data Science
"
Name: Kiran Shetty

Education:
B.Tech Computer Science

Professional Summary:
Motivated Data Science candidate with knowledge of Pandas, Streamlit, SQL. Passionate about learning new technologies and solving real-world problems.

Technical Skills:
Pandas, Streamlit, SQL, Statistics, Seaborn, Python, Scikit-learn

Projects:
Sentiment Analysis
Fraud Detection

Experience:
1 Year Experience

Certification:
NPTEL Python for Data Science
",Data Science
"
Name: Aditya Kumar

Education:
B.Sc Data Science

Professional Summary:
Motivated Data Science candidate with knowledge of Scikit-learn, Feature Engineering, Data Cleaning. Passionate about learning new technologies and solving real-world problems.

Technical Skills:
Scikit-learn, Feature Engineering, Data Cleaning, Git, SQL, Python, Pandas

Projects:
Sales Prediction
Sentiment Analysis

Experience:
Fresher

Certification:
NPTEL Python for Data Science
",Data Science
"
Name: Rahul Gowda

Education:
B.Tech Data Science

Professional Summary:
Motivated Data Analyst candidate with knowledge of Power BI, Python, Dashboard. Passionate about learning new technologies and solving real-world problems.

Technical Skills:
Power BI, Python, Dashboard, Pandas, Excel, Business Intelligence, Git

Projects:
Sales Dashboard
Customer Analysis

Experience:
Internship

Certification:
NPTEL Data Analytics
",Data Analyst
"
Name: Arjun Sharma

Education:
B.Com

Professional Summary:
Motivated Data Analyst candidate with knowledge of Pivot Tables, Excel, Git. Passionate about learning new technologies and solving real-world problems.

Technical Skills:
Pivot Tables, Excel, Git, Pandas, Data Cleaning, Python, Data Visualization

Projects:
Financial Dashboard
Marketing Dashboard

Experience:
1 Year Experience

Certification:
Google Data Analytics Professional Certificate
",Data Analyst
"
Name: Rahul Verma

Education:
B.Tech Computer Science

Professional Summary:
Motivated Data Science candidate with knowledge of Excel, NumPy, Scikit-learn. Passionate about learning new technologies and solving real-world problems.

Technical Skills:
Excel, NumPy, Scikit-learn, Data Visualization, Streamlit, Git, Statistics

Projects:
Traffic Congestion Analysis
Recommendation System

Experience:
Fresher

Certification:
AWS Certified Cloud Practitioner
",Data Science
"
Name: Priya Patel

Education:
MCA

Professional Summary:
Motivated Data Science candidate with knowledge of Pandas, Python, Excel. Passionate about learning new technologies and solving real-world problems.

Technical Skills:
Pandas, Python, Excel, Seaborn, Streamlit, Feature Engineering, NumPy

Projects:
Resume Screening
Stock Price Prediction

Experience:
1 Year Experience

Certification:
NPTEL Python for Data Science
",Data Science
"
Name: Rohit Naidu

Education:
B.Tech Data Science

Professional Summary:
Motivated Data Science candidate with knowledge of Pandas, Python, Machine Learning. Passionate about learning new technologies and solving real-world problems.

Technical Skills:
Pandas, Python, Machine Learning, NumPy, Git, Data Visualization, SQL

Projects:
Traffic Congestion Analysis
Sales Prediction

Experience:
1 Year Experience

Certification:
Google Data Analytics Professional Certificate
",Data Science
"
Name: Rahul Naidu

Education:
B.Tech Computer Science

Professional Summary:
Motivated Data Science candidate with knowledge of Data Cleaning, Python, Excel. Passionate about learning new technologies and solving real-world problems.

Technical Skills:
Data Cleaning, Python, Excel, Feature Engineering, NumPy, Scikit-learn, Data Visualization

Projects:
Sentiment Analysis
Fraud Detection

Experience:
1 Year Experience

Certification:
AWS Certified Cloud Practitioner
",Data Science
"
Name: Arjun Sharma

Education:
MBA

Professional Summary:
Motivated Data Analyst candidate with knowledge of Reporting, Pandas, Data Cleaning. Passionate about learning new technologies and solving real-world problems.

Technical Skills:
Reporting, Pandas, Data Cleaning, Pivot Tables, Business Intelligence, Excel, SQL

Projects:
Retail Dashboard
HR Dashboard

Experience:
Fresher

Certification:
Microsoft Power BI Data Analyst Associate
",Data Analyst
"
Name: Nithya Kumar

Education:
B.Com

Professional Summary:
Motivated Data Analyst candidate with knowledge of Power BI, Reporting, Communication. Passionate about learning new technologies and solving real-world problems.

Technical Skills:
Power BI, Reporting, Communication, Pandas, SQL, Charts, Business Intelligence

Projects:
Blinkit Dashboard
Marketing Dashboard

Experience:
Fresher

Certification:
Microsoft Power BI Data Analyst Associate
",Data Analyst
"
Name: Aditya Patel

Education:
BBA

Professional Summary:
Motivated Data Analyst candidate with knowledge of Python, Power BI, Git. Passionate about learning new technologies and solving real-world problems.

Technical Skills:
Python, Power BI, Git, Pandas, Data Visualization, Data Cleaning, Dashboard

Projects:
Retail Dashboard
Marketing Dashboard

Experience:
1 Year Experience

Certification:
Google Data Analytics Professional Certificate
",Data Analyst
"
Name: Aarav Naidu

Education:
MBA

Professional Summary:
Motivated Data Analyst candidate with knowledge of Reporting, Power BI, SQL. Passionate about learning new technologies and solving real-world problems.

Technical Skills:
Reporting, Power BI, SQL, Git, Charts, Excel, Python

Projects:
Marketing Dashboard
Customer Analysis

Experience:
1 Year Experience

Certification:
Microsoft Power BI Data Analyst Associate
",Data Analyst
"
Name: Aditya Patel

Education:
B.Tech Data Science

Professional Summary:
Motivated Data Analyst candidate with knowledge of Pivot Tables, Python, Data Visualization. Passionate about learning new technologies and solving real-world problems.

Technical Skills:
Pivot Tables, Python, Data Visualization, Dashboard, Git, Pandas, Statistics

Projects:
Customer Analysis
Sales Dashboard

Experience:
Fresher

Certification:
NPTEL Data Analytics
",Data Analyst
"
Name: Rahul Reddy

Education:
B.Tech Computer Science

Professional Summary:
Motivated Data Science candidate with knowledge of SQL, Pandas, Git. Passionate about learning new technologies and solving real-world problems.

Technical Skills:
SQL, Pandas, Git, Excel, Python, Machine Learning, Data Visualization

Projects:
Sentiment Analysis
Stock Price Prediction

Experience:
2 Years Experience

Certification:
IBM Data Science Professional Certificate
",Data Science
"
Name: Nithya Patel

Education:
B.Tech Computer Science

Professional Summary:
Motivated Data Science candidate with knowledge of NumPy, Streamlit, Excel. Passionate about learning new technologies and solving real-world problems.

Technical Skills:
NumPy, Streamlit, Excel, Data Visualization, Feature Engineering, Matplotlib, Seaborn

Projects:
Stock Price Prediction
Sales Prediction

Experience:
6 Months Internship

Certification:
IBM Data Science Professional Certificate
",Data Science
"
Name: Pooja Shetty

Education:
B.Tech Data Science

Professional Summary:
Motivated Data Analyst candidate with knowledge of Power BI, Pivot Tables, Charts. Passionate about learning new technologies and solving real-world problems.

Technical Skills:
Power BI, Pivot Tables, Charts, Pandas, Communication, Dashboard, Reporting

Projects:
Financial Dashboard
Retail Dashboard

Experience:
1 Year Experience

Certification:
Microsoft Power BI Data Analyst Associate
",Data Analyst
"
Name: Rohit Patel

Education:
B.Tech Computer Science

Professional Summary:
Motivated Data Science candidate with knowledge of Machine Learning, Excel, NumPy. Passionate about learning new technologies and solving real-world problems.

Technical Skills:
Machine Learning, Excel, NumPy, Data Visualization, Python, Streamlit, Seaborn

Projects:
Recommendation System
Customer Churn Prediction

Experience:
Fresher

Certification:
Google Data Analytics Professional Certificate
",Data Science
"
Name: Nithya Singh

Education:
B.Tech Data Science

Professional Summary:
Motivated Data Science candidate with knowledge of Feature Engineering, Scikit-learn, SQL. Passionate about learning new technologies and solving real-world problems.

Technical Skills:
Feature Engineering, Scikit-learn, SQL, Excel, Data Cleaning, NumPy, Streamlit

Projects:
Recommendation System
Traffic Congestion Analysis

Experience:
1 Year Experience

Certification:
Microsoft Certified Azure AI Fundamentals
",Data Science
"
Name: Aditya Shetty

Education:
B.Tech Data Science

Professional Summary:
Motivated Data Analyst candidate with knowledge of Business Intelligence, Data Cleaning, Pandas. Passionate about learning new technologies and solving real-world problems.

Technical Skills:
Business Intelligence, Data Cleaning, Pandas, Excel, Git, Pivot Tables, SQL

Projects:
Marketing Dashboard
HR Dashboard

Experience:
2 Years Experience

Certification:
IBM Data Analyst Professional Certificate
",Data Analyst
"
Name: Nithya Singh

Education:
MBA

Professional Summary:
Motivated Data Analyst candidate with knowledge of Statistics, Pandas, Charts. Passionate about learning new technologies and solving real-world problems.

Technical Skills:
Statistics, Pandas, Charts, Python, Dashboard, Reporting, Communication

Projects:
Marketing Dashboard
Blinkit Dashboard

Experience:
2 Years Experience

Certification:
Google Data Analytics Professional Certificate
",Data Analyst
"
Name: Aditya Kumar

Education:
B.Sc Data Science

Professional Summary:
Motivated Data Science candidate with knowledge of Python, Feature Engineering, Data Visualization. Passionate about learning new technologies and solving real-world problems.

Technical Skills:
Python, Feature Engineering, Data Visualization, Statistics, Streamlit, Excel, NumPy

Projects:
Traffic Congestion Analysis
Resume Screening

Experience:
1 Year Experience

Certification:
AWS Certified Cloud Practitioner
",Data Science
"
Name: Rahul Verma

Education:
B.Tech Computer Science

Professional Summary:
Motivated Data Science candidate with knowledge of Python, Streamlit, Data Cleaning. Passionate about learning new technologies and solving real-world problems.

Technical Skills:
Python, Streamlit, Data Cleaning, Data Visualization, Statistics, NumPy, Pandas

Projects:
Stock Price Prediction
Fraud Detection

Experience:
2 Years Experience

Certification:
Microsoft Certified Azure AI Fundamentals
",Data Science
"
Name: Aarav Verma

Education:
BBA

Professional Summary:
Motivated Data Analyst candidate with knowledge of Git, Power BI, Excel. Passionate about learning new technologies and solving real-world problems.

Technical Skills:
Git, Power BI, Excel, Pandas, Data Cleaning, Reporting, SQL

Projects:
HR Dashboard
Retail Dashboard

Experience:
1 Year Experience

Certification:
NPTEL Data Analytics
",Data Analyst
"
Name: Rohit Verma

Education:
B.Tech Data Science

Professional Summary:
Motivated Data Science candidate with knowledge of Git, Scikit-learn, Excel. Passionate about learning new technologies and solving real-world problems.

Technical Skills:
Git, Scikit-learn, Excel, Seaborn, Data Cleaning, Matplotlib, Machine Learning

Projects:
Recommendation System
Customer Churn Prediction

Experience:
1 Year Experience

Certification:
NPTEL Python for Data Science
",Data Science
"
Name: Arjun Gowda

Education:
B.Tech Data Science

Professional Summary:
Motivated Data Analyst candidate with knowledge of Power BI, Communication, Data Visualization. Passionate about learning new technologies and solving real-world problems.

Technical Skills:
Power BI, Communication, Data Visualization, Excel, Git, Data Cleaning, Charts

Projects:
Marketing Dashboard
Financial Dashboard

Experience:
1 Year Experience

Certification:
Microsoft Power BI Data Analyst Associate
",Data Analyst
"
Name: Aditya Joshi

Education:
B.Tech Data Science

Professional Summary:
Motivated Data Analyst candidate with knowledge of Power BI, Communication, Data Visualization. Passionate about learning new technologies and solving real-world problems.

Technical Skills:
Power BI, Communication, Data Visualization, Charts, Git, Dashboard, SQL

Projects:
Financial Dashboard
Blinkit Dashboard

Experience:
1 Year Experience

Certification:
Excel Skills for Business
",Data Analyst
"
Name: Sneha Gowda

Education:
MCA

Professional Summary:
Motivated Data Science candidate with knowledge of Python, Data Cleaning, Statistics. Passionate about learning new technologies and solving real-world problems.

Technical Skills:
Python, Data Cleaning, Statistics, Streamlit, Git, Data Visualization, Feature Engineering

Projects:
Customer Churn Prediction
Sales Prediction

Experience:
Fresher

Certification:
Google Data Analytics Professional Certificate
",Data Science
"
Name: Priya Reddy

Education:
B.Com

Professional Summary:
Motivated Data Analyst candidate with knowledge of Python, Excel, Pivot Tables. Passionate about learning new technologies and solving real-world problems.

Technical Skills:
Python, Excel, Pivot Tables, SQL, Power BI, Data Visualization, Business Intelligence

Projects:
HR Dashboard
Marketing Dashboard

Experience:
1 Year Experience

Certification:
IBM Data Analyst Professional Certificate
",Data Analyst
"
Name: Kiran Gowda

Education:
B.Tech Data Science

Professional Summary:
Motivated Data Analyst candidate with knowledge of Statistics, Charts, Pandas. Passionate about learning new technologies and solving real-world problems.

Technical Skills:
Statistics, Charts, Pandas, Business Intelligence, Pivot Tables, Dashboard, Git

Projects:
HR Dashboard
Blinkit Dashboard

Experience:
1 Year Experience

Certification:
NPTEL Data Analytics
",Data Analyst
"
Name: Sneha Reddy

Education:
B.Tech Computer Science

Professional Summary:
Motivated Data Science candidate with knowledge of Statistics, Data Cleaning, Excel. Passionate about learning new technologies and solving real-world problems.

Technical Skills:
Statistics, Data Cleaning, Excel, Feature Engineering, Data Visualization, Seaborn, Streamlit

Projects:
Fraud Detection
Sales Prediction

Experience:
6 Months Internship

Certification:
Microsoft Certified Azure AI Fundamentals
",Data Science
"
Name: Aarav Patel

Education:
BBA

Professional Summary:
Motivated Data Analyst candidate with knowledge of Statistics, Pandas, Data Visualization. Passionate about learning new technologies and solving real-world problems.

Technical Skills:
Statistics, Pandas, Data Visualization, Excel, Business Intelligence, Git, Reporting

Projects:
HR Dashboard
Sales Dashboard

Experience:
1 Year Experience

Certification:
Google Data Analytics Professional Certificate
",Data Analyst
"
Name: Priya Shetty

Education:
B.Tech Computer Science

Professional Summary:
Motivated Data Science candidate with knowledge of Seaborn, Pandas, Feature Engineering. Passionate about learning new technologies and solving real-world problems.

Technical Skills:
Seaborn, Pandas, Feature Engineering, Data Visualization, Matplotlib, NumPy, Data Cleaning

Projects:
Fraud Detection
Traffic Congestion Analysis

Experience:
Fresher

Certification:
AWS Certified Cloud Practitioner
",Data Science
"
Name: Arjun Naidu

Education:
BBA

Professional Summary:
Motivated Data Analyst candidate with knowledge of Dashboard, SQL, Reporting. Passionate about learning new technologies and solving real-world problems.

Technical Skills:
Dashboard, SQL, Reporting, Data Cleaning, Power BI, Business Intelligence, Pandas

Projects:
HR Dashboard
Sales Dashboard

Experience:
1 Year Experience

Certification:
Microsoft Power BI Data Analyst Associate
",Data Analyst
"
Name: Priya Shetty

Education:
B.Tech Data Science

Professional Summary:
Motivated Data Science candidate with knowledge of Scikit-learn, Data Cleaning, Git. Passionate about learning new technologies and solving real-world problems.

Technical Skills:
Scikit-learn, Data Cleaning, Git, Seaborn, Streamlit, SQL, Python

Projects:
Sentiment Analysis
Resume Screening

Experience:
6 Months Internship

Certification:
Google Data Analytics Professional Certificate
",Data Science
"
Name: Aditya Reddy

Education:
BBA

Professional Summary:
Motivated Data Analyst candidate with knowledge of Reporting, Charts, Dashboard. Passionate about learning new technologies and solving real-world problems.

Technical Skills:
Reporting, Charts, Dashboard, Statistics, Power BI, Pivot Tables, Pandas

Projects:
Financial Dashboard
Blinkit Dashboard

Experience:
1 Year Experience

Certification:
Google Data Analytics Professional Certificate
",Data Analyst
"
Name: Sneha Gowda

Education:
MCA

Professional Summary:
Motivated Data Science candidate with knowledge of Scikit-learn, Statistics, Streamlit. Passionate about learning new technologies and solving real-world problems.

Technical Skills:
Scikit-learn, Statistics, Streamlit, Excel, Python, SQL, Feature Engineering

Projects:
Resume Screening
Customer Churn Prediction

Experience:
Fresher

Certification:
IBM Data Science Professional Certificate
",Data Science
"
Name: Kiran Patel

Education:
B.Tech Data Science

Professional Summary:
Motivated Data Science candidate with knowledge of NumPy, Feature Engineering, Data Cleaning. Passionate about learning new technologies and solving real-world problems.

Technical Skills:
NumPy, Feature Engineering, Data Cleaning, Matplotlib, SQL, Pandas, Machine Learning

Projects:
Sentiment Analysis
Recommendation System

Experience:
6 Months Internship

Certification:
IBM Data Science Professional Certificate
",Data Science
"
Name: Sneha Sharma

Education:
MCA

Professional Summary:
Motivated Data Science candidate with knowledge of Python, Machine Learning, Git. Passionate about learning new technologies and solving real-world problems.

Technical Skills:
Python, Machine Learning, Git, Seaborn, Streamlit, NumPy, Data Visualization

Projects:
Resume Screening
Fraud Detection

Experience:
Fresher

Certification:
AWS Certified Cloud Practitioner
",Data Science
"
Name: Rohit Gowda

Education:
B.Sc Data Science

Professional Summary:
Motivated Data Science candidate with knowledge of SQL, Streamlit, NumPy. Passionate about learning new technologies and solving real-world problems.

Technical Skills:
SQL, Streamlit, NumPy, Data Cleaning, Git, Machine Learning, Excel

Projects:
Recommendation System
Fraud Detection

Experience:
Fresher

Certification:
Google Data Analytics Professional Certificate
",Data Science
"
Name: Arjun Gowda

Education:
B.Tech Data Science

Professional Summary:
Motivated Data Analyst candidate with knowledge of Data Cleaning, Charts, Pandas. Passionate about learning new technologies and solving real-world problems.

Technical Skills:
Data Cleaning, Charts, Pandas, Excel, Data Visualization, Pivot Tables, Statistics

Projects:
HR Dashboard
Sales Dashboard

Experience:
Internship

Certification:
NPTEL Data Analytics
",Data Analyst
"
Name: Nithya Joshi

Education:
MCA

Professional Summary:
Motivated Data Science candidate with knowledge of Machine Learning, Python, Data Cleaning. Passionate about learning new technologies and solving real-world problems.

Technical Skills:
Machine Learning, Python, Data Cleaning, NumPy, SQL, Statistics, Pandas

Projects:
Resume Screening
Fraud Detection

Experience:
2 Years Experience

Certification:
AWS Certified Cloud Practitioner
",Data Science
"
Name: Rohit Singh

Education:
BBA

Professional Summary:
Motivated Data Analyst candidate with knowledge of Dashboard, Git, Power BI. Passionate about learning new technologies and solving real-world problems.

Technical Skills:
Dashboard, Git, Power BI, Statistics, Reporting, Business Intelligence, Pivot Tables

Projects:
Hospital Dashboard
Blinkit Dashboard

Experience:
2 Years Experience

Certification:
Google Data Analytics Professional Certificate
",Data Analyst
"
Name: Aarav Joshi

Education:
B.Tech Data Science

Professional Summary:
Motivated Data Science candidate with knowledge of Statistics, Machine Learning, Data Visualization. Passionate about learning new technologies and solving real-world problems.

Technical Skills:
Statistics, Machine Learning, Data Visualization, Excel, Matplotlib, Feature Engineering, Pandas

Projects:
Fraud Detection
Traffic Congestion Analysis

Experience:
1 Year Experience

Certification:
Microsoft Certified Azure AI Fundamentals
",Data Science
"
Name: Rohit Singh

Education:
B.Com

Professional Summary:
Motivated Data Analyst candidate with knowledge of Charts, Power BI, Data Cleaning. Passionate about learning new technologies and solving real-world problems.

Technical Skills:
Charts, Power BI, Data Cleaning, Pandas, SQL, Reporting, Excel

Projects:
HR Dashboard
Customer Analysis

Experience:
Fresher

Certification:
IBM Data Analyst Professional Certificate
",Data Analyst
"
Name: Kiran Kumar

Education:
B.Tech Data Science

Professional Summary:
Motivated Data Science candidate with knowledge of Excel, Git, Machine Learning. Passionate about learning new technologies and solving real-world problems.

Technical Skills:
Excel, Git, Machine Learning, Statistics, Data Visualization, SQL, Scikit-learn

Projects:
Recommendation System
Traffic Congestion Analysis

Experience:
Fresher

Certification:
AWS Certified Cloud Practitioner
",Data Science
"
Name: Priya Patel

Education:
BBA

Professional Summary:
Motivated Data Analyst candidate with knowledge of Reporting, Data Cleaning, Python. Passionate about learning new technologies and solving real-world problems.

Technical Skills:
Reporting, Data Cleaning, Python, Communication, Data Visualization, Charts, Excel

Projects:
Sales Dashboard
Financial Dashboard

Experience:
Internship

Certification:
Excel Skills for Business
",Data Analyst
"
Name: Aditya Reddy

Education:
BBA

Professional Summary:
Motivated Data Analyst candidate with knowledge of Reporting, Statistics, Communication. Passionate about learning new technologies and solving real-world problems.

Technical Skills:
Reporting, Statistics, Communication, Pivot Tables, Data Cleaning, Charts, Pandas

Projects:
Marketing Dashboard
HR Dashboard

Experience:
2 Years Experience

Certification:
NPTEL Data Analytics
",Data Analyst
"
Name: Nithya Naidu

Education:
B.Tech Computer Science

Professional Summary:
Motivated Data Science candidate with knowledge of Statistics, Seaborn, Feature Engineering. Passionate about learning new technologies and solving real-world problems.

Technical Skills:
Statistics, Seaborn, Feature Engineering, Python, Pandas, Matplotlib, Machine Learning

Projects:
Customer Churn Prediction
Traffic Congestion Analysis

Experience:
Fresher

Certification:
AWS Certified Cloud Practitioner
",Data Science
"
Name: Arjun Patel

Education:
B.Tech Data Science

Professional Summary:
Motivated Data Analyst candidate with knowledge of Reporting, Power BI, Git. Passionate about learning new technologies and solving real-world problems.

Technical Skills:
Reporting, Power BI, Git, Data Visualization, Data Cleaning, SQL, Business Intelligence

Projects:
Blinkit Dashboard
Customer Analysis

Experience:
Internship

Certification:
IBM Data Analyst Professional Certificate
",Data Analyst
"
Name: Rohit Verma

Education:
MBA

Professional Summary:
Motivated Data Analyst candidate with knowledge of Python, Excel, Data Cleaning. Passionate about learning new technologies and solving real-world problems.

Technical Skills:
Python, Excel, Data Cleaning, SQL, Pivot Tables, Communication, Business Intelligence

Projects:
Hospital Dashboard
Blinkit Dashboard

Experience:
1 Year Experience

Certification:
Microsoft Power BI Data Analyst Associate
",Data Analyst
"
Name: Pooja Gowda

Education:
B.Tech Computer Science

Professional Summary:
Motivated Data Science candidate with knowledge of Statistics, Seaborn, Data Visualization. Passionate about learning new technologies and solving real-world problems.

Technical Skills:
Statistics, Seaborn, Data Visualization, Pandas, Matplotlib, Feature Engineering, Python

Projects:
Sales Prediction
Traffic Congestion Analysis

Experience:
2 Years Experience

Certification:
AWS Certified Cloud Practitioner
",Data Science
"
Name: Priya Kumar

Education:
B.Com

Professional Summary:
Motivated Data Analyst candidate with knowledge of Reporting, Power BI, Business Intelligence. Passionate about learning new technologies and solving real-world problems.

Technical Skills:
Reporting, Power BI, Business Intelligence, Communication, Excel, SQL, Charts

Projects:
Sales Dashboard
Financial Dashboard

Experience:
Fresher

Certification:
Excel Skills for Business
",Data Analyst
"
Name: Sneha Kumar

Education:
B.Tech Data Science

Professional Summary:
Motivated Data Analyst candidate with knowledge of Statistics, Business Intelligence, Charts. Passionate about learning new technologies and solving real-world problems.

Technical Skills:
Statistics, Business Intelligence, Charts, Excel, Communication, Data Visualization, Git

Projects:
Hospital Dashboard
Marketing Dashboard

Experience:
2 Years Experience

Certification:
Google Data Analytics Professional Certificate
",Data Analyst
"
Name: Aditya Patel

Education:
B.Com

Professional Summary:
Motivated Data Analyst candidate with knowledge of Charts, Python, Pivot Tables. Passionate about learning new technologies and solving real-world problems.

Technical Skills:
Charts, Python, Pivot Tables, Dashboard, Data Cleaning, Pandas, Data Visualization

Projects:
Retail Dashboard
Customer Analysis

Experience:
Fresher

Certification:
NPTEL Data Analytics
",Data Analyst
"
Name: Nithya Verma

Education:
B.Tech Computer Science

Professional Summary:
Motivated Data Science candidate with knowledge of NumPy, Data Cleaning, SQL. Passionate about learning new technologies and solving real-world problems.

Technical Skills:
NumPy, Data Cleaning, SQL, Matplotlib, Data Visualization, Statistics, Seaborn

Projects:
Resume Screening
Sentiment Analysis

Experience:
2 Years Experience

Certification:
Google Data Analytics Professional Certificate
",Data Science
"
Name: Rohit Singh

Education:
MCA

Professional Summary:
Motivated Data Science candidate with knowledge of NumPy, Pandas, Feature Engineering. Passionate about learning new technologies and solving real-world problems.

Technical Skills:
NumPy, Pandas, Feature Engineering, Scikit-learn, Matplotlib, Data Visualization, Machine Learning

Projects:
Stock Price Prediction
Resume Screening

Experience:
2 Years Experience

Certification:
AWS Certified Cloud Practitioner
",Data Science
"
Name: Nithya Reddy

Education:
B.Tech Data Science

Professional Summary:
Motivated Data Science candidate with knowledge of NumPy, Git, Pandas. Passionate about learning new technologies and solving real-world problems.

Technical Skills:
NumPy, Git, Pandas, Streamlit, Data Visualization, Statistics, Python

Projects:
Stock Price Prediction
Sentiment Analysis

Experience:
Fresher

Certification:
IBM Data Science Professional Certificate
",Data Science
"
Name: Rahul Reddy

Education:
BBA

Professional Summary:
Motivated Data Analyst candidate with knowledge of Power BI, Communication, Data Cleaning. Passionate about learning new technologies and solving real-world problems.

Technical Skills:
Power BI, Communication, Data Cleaning, Dashboard, Python, Data Visualization, Excel

Projects:
Customer Analysis
Retail Dashboard

Experience:
Internship

Certification:
IBM Data Analyst Professional Certificate
",Data Analyst
"
Name: Pooja Sharma

Education:
B.Com

Professional Summary:
Motivated Data Analyst candidate with knowledge of SQL, Excel, Statistics. Passionate about learning new technologies and solving real-world problems.

Technical Skills:
SQL, Excel, Statistics, Data Cleaning, Business Intelligence, Git, Python

Projects:
Sales Dashboard
Financial Dashboard

Experience:
Internship

Certification:
NPTEL Data Analytics
",Data Analyst
"
Name: Priya Singh

Education:
B.Sc Data Science

Professional Summary:
Motivated Data Science candidate with knowledge of Git, Pandas, Feature Engineering. Passionate about learning new technologies and solving real-world problems.

Technical Skills:
Git, Pandas, Feature Engineering, Seaborn, Machine Learning, SQL, Statistics

Projects:
Fraud Detection
Stock Price Prediction

Experience:
1 Year Experience

Certification:
Microsoft Certified Azure AI Fundamentals
",Data Science
"
Name: Aarav Gowda

Education:
B.Com

Professional Summary:
Motivated Data Analyst candidate with knowledge of Python, Excel, Git. Passionate about learning new technologies and solving real-world problems.

Technical Skills:
Python, Excel, Git, Statistics, Data Cleaning, Data Visualization, Communication

Projects:
Financial Dashboard
Blinkit Dashboard

Experience:
Internship

Certification:
Excel Skills for Business
",Data Analyst
"
Name: Pooja Gowda

Education:
B.Sc Data Science

Professional Summary:
Motivated Data Science candidate with knowledge of Scikit-learn, Data Visualization, Pandas. Passionate about learning new technologies and solving real-world problems.

Technical Skills:
Scikit-learn, Data Visualization, Pandas, Feature Engineering, Seaborn, NumPy, Excel

Projects:
Resume Screening
Stock Price Prediction

Experience:
1 Year Experience

Certification:
Google Data Analytics Professional Certificate
",Data Science
"
Name: Aarav Sharma

Education:
B.Tech Data Science

Professional Summary:
Motivated Data Analyst candidate with knowledge of Business Intelligence, Data Cleaning, Python. Passionate about learning new technologies and solving real-world problems.

Technical Skills:
Business Intelligence, Data Cleaning, Python, Communication, Pivot Tables, Excel, Dashboard

Projects:
Sales Dashboard
Marketing Dashboard

Experience:
2 Years Experience

Certification:
NPTEL Data Analytics
",Data Analyst
"
Name: Rahul Kumar

Education:
B.Tech Data Science

Professional Summary:
Motivated Data Science candidate with knowledge of Machine Learning, Data Visualization, Feature Engineering. Passionate about learning new technologies and solving real-world problems.

Technical Skills:
Machine Learning, Data Visualization, Feature Engineering, Git, Streamlit, Matplotlib, NumPy

Projects:
Fraud Detection
Traffic Congestion Analysis

Experience:
1 Year Experience

Certification:
Google Data Analytics Professional Certificate
",Data Science
"
Name: Pooja Singh

Education:
MCA

Professional Summary:
Motivated Data Science candidate with knowledge of Scikit-learn, Matplotlib, Feature Engineering. Passionate about learning new technologies and solving real-world problems.

Technical Skills:
Scikit-learn, Matplotlib, Feature Engineering, Python, Statistics, Streamlit, Machine Learning

Projects:
Stock Price Prediction
Traffic Congestion Analysis

Experience:
Fresher

Certification:
IBM Data Science Professional Certificate
",Data Science
"
Name: Rohit Naidu

Education:
B.Com

Professional Summary:
Motivated Data Analyst candidate with knowledge of Charts, SQL, Business Intelligence. Passionate about learning new technologies and solving real-world problems.

Technical Skills:
Charts, SQL, Business Intelligence, Communication, Git, Statistics, Data Visualization

Projects:
Sales Dashboard
Retail Dashboard

Experience:
Fresher

Certification:
NPTEL Data Analytics
",Data Analyst
"
Name: Pooja Verma

Education:
BBA

Professional Summary:
Motivated Data Analyst candidate with knowledge of Python, Reporting, Charts. Passionate about learning new technologies and solving real-world problems.

Technical Skills:
Python, Reporting, Charts, Data Cleaning, Communication, Data Visualization, SQL

Projects:
Sales Dashboard
Marketing Dashboard

Experience:
Fresher

Certification:
Microsoft Power BI Data Analyst Associate
",Data Analyst
"
Name: Arjun Reddy

Education:
B.Tech Computer Science

Professional Summary:
Motivated Data Science candidate with knowledge of Python, Seaborn, SQL. Passionate about learning new technologies and solving real-world problems.

Technical Skills:
Python, Seaborn, SQL, Machine Learning, NumPy, Git, Data Cleaning

Projects:
Traffic Congestion Analysis
Resume Screening

Experience:
1 Year Experience

Certification:
IBM Data Science Professional Certificate
",Data Science
"
Name: Sneha Naidu

Education:
B.Tech Data Science

Professional Summary:
Motivated Data Science candidate with knowledge of Git, Pandas, Feature Engineering. Passionate about learning new technologies and solving real-world problems.

Technical Skills:
Git, Pandas, Feature Engineering, Seaborn, Statistics, NumPy, Python

Projects:
Traffic Congestion Analysis
Resume Screening

Experience:
Fresher

Certification:
IBM Data Science Professional Certificate
",Data Science
"
Name: Sneha Kumar

Education:
BBA

Professional Summary:
Motivated Data Analyst candidate with knowledge of SQL, Excel, Communication. Passionate about learning new technologies and solving real-world problems.

Technical Skills:
SQL, Excel, Communication, Data Visualization, Pandas, Power BI, Statistics

Projects:
Sales Dashboard
HR Dashboard

Experience:
2 Years Experience

Certification:
Excel Skills for Business
",Data Analyst
"
Name: Aditya Gowda

Education:
MBA

Professional Summary:
Motivated Data Analyst candidate with knowledge of Excel, Data Cleaning, Reporting. Passionate about learning new technologies and solving real-world problems.

Technical Skills:
Excel, Data Cleaning, Reporting, Python, Communication, Dashboard, Business Intelligence

Projects:
Retail Dashboard
Marketing Dashboard

Experience:
1 Year Experience

Certification:
Microsoft Power BI Data Analyst Associate
",Data Analyst
"
Name: Sneha Verma

Education:
B.Tech Computer Science

Professional Summary:
Motivated Data Science candidate with knowledge of Excel, Data Cleaning, Python. Passionate about learning new technologies and solving real-world problems.

Technical Skills:
Excel, Data Cleaning, Python, Streamlit, NumPy, Machine Learning, Data Visualization

Projects:
Customer Churn Prediction
Stock Price Prediction

Experience:
Fresher

Certification:
NPTEL Python for Data Science
",Data Science
"
Name: Rahul Joshi

Education:
B.Tech Computer Science

Professional Summary:
Motivated Data Science candidate with knowledge of Streamlit, Feature Engineering, Python. Passionate about learning new technologies and solving real-world problems.

Technical Skills:
Streamlit, Feature Engineering, Python, Statistics, Matplotlib, Scikit-learn, SQL

Projects:
Sentiment Analysis
Stock Price Prediction

Experience:
Fresher

Certification:
AWS Certified Cloud Practitioner
",Data Science
"
Name: Sneha Shetty

Education:
B.Com

Professional Summary:
Motivated Data Analyst candidate with knowledge of SQL, Pandas, Communication. Passionate about learning new technologies and solving real-world problems.

Technical Skills:
SQL, Pandas, Communication, Excel, Reporting, Data Cleaning, Python

Projects:
Financial Dashboard
Sales Dashboard

Experience:
1 Year Experience

Certification:
NPTEL Data Analytics
",Data Analyst
"
Name: Aditya Patel

Education:
B.Tech Data Science

Professional Summary:
Motivated Data Science candidate with knowledge of Scikit-learn, Machine Learning, NumPy. Passionate about learning new technologies and solving real-world problems.

Technical Skills:
Scikit-learn, Machine Learning, NumPy, Seaborn, Streamlit, Data Cleaning, Feature Engineering

Projects:
Stock Price Prediction
Fraud Detection

Experience:
1 Year Experience

Certification:
NPTEL Python for Data Science
",Data Science
"
Name: Sneha Reddy

Education:
B.Tech Computer Science

Professional Summary:
Motivated Data Science candidate with knowledge of Git, Machine Learning, SQL. Passionate about learning new technologies and solving real-world problems.

Technical Skills:
Git, Machine Learning, SQL, NumPy, Data Visualization, Matplotlib, Data Cleaning

Projects:
Traffic Congestion Analysis
Customer Churn Prediction

Experience:
1 Year Experience

Certification:
AWS Certified Cloud Practitioner
",Data Science
"
Name: Pooja Verma

Education:
MBA

Professional Summary:
Motivated Data Analyst candidate with knowledge of Python, Pivot Tables, Excel. Passionate about learning new technologies and solving real-world problems.

Technical Skills:
Python, Pivot Tables, Excel, Data Visualization, Git, Reporting, Business Intelligence

Projects:
Customer Analysis
Financial Dashboard

Experience:
1 Year Experience

Certification:
Microsoft Power BI Data Analyst Associate
",Data Analyst
"
Name: Arjun Sharma

Education:
BBA

Professional Summary:
Motivated Data Analyst candidate with knowledge of Communication, Git, Pandas. Passionate about learning new technologies and solving real-world problems.

Technical Skills:
Communication, Git, Pandas, Statistics, Reporting, Data Cleaning, Excel

Projects:
Marketing Dashboard
Customer Analysis

Experience:
Fresher

Certification:
IBM Data Analyst Professional Certificate
",Data Analyst
"
Name: Sneha Verma

Education:
B.Com

Professional Summary:
Motivated Data Analyst candidate with knowledge of Power BI, Python, SQL. Passionate about learning new technologies and solving real-world problems.

Technical Skills:
Power BI, Python, SQL, Excel, Charts, Git, Dashboard

Projects:
Marketing Dashboard
Blinkit Dashboard

Experience:
2 Years Experience

Certification:
Microsoft Power BI Data Analyst Associate
",Data Analyst
"
Name: Arjun Sharma

Education:
BBA

Professional Summary:
Motivated Data Analyst candidate with knowledge of Git, Data Cleaning, Communication. Passionate about learning new technologies and solving real-world problems.

Technical Skills:
Git, Data Cleaning, Communication, Statistics, Dashboard, SQL, Power BI

Projects:
Sales Dashboard
Customer Analysis

Experience:
1 Year Experience

Certification:
Google Data Analytics Professional Certificate
",Data Analyst
"
Name: Rahul Kumar

Education:
B.Sc Data Science

Professional Summary:
Motivated Data Science candidate with knowledge of NumPy, Git, Statistics. Passionate about learning new technologies and solving real-world problems.

Technical Skills:
NumPy, Git, Statistics, Feature Engineering, Machine Learning, Scikit-learn, Seaborn

Projects:
Stock Price Prediction
Customer Churn Prediction

Experience:
6 Months Internship

Certification:
Microsoft Certified Azure AI Fundamentals
",Data Science
"
Name: Kiran Singh

Education:
B.Tech Computer Science

Professional Summary:
Motivated Data Science candidate with knowledge of Scikit-learn, Excel, Pandas. Passionate about learning new technologies and solving real-world problems.

Technical Skills:
Scikit-learn, Excel, Pandas, Machine Learning, SQL, Git, Feature Engineering

Projects:
Sentiment Analysis
Recommendation System

Experience:
1 Year Experience

Certification:
IBM Data Science Professional Certificate
",Data Science
"
Name: Rahul Verma

Education:
B.Com

Professional Summary:
Motivated Data Analyst candidate with knowledge of SQL, Data Cleaning, Charts. Passionate about learning new technologies and solving real-world problems.

Technical Skills:
SQL, Data Cleaning, Charts, Data Visualization, Statistics, Communication, Pivot Tables

Projects:
Blinkit Dashboard
HR Dashboard

Experience:
1 Year Experience

Certification:
Microsoft Power BI Data Analyst Associate
",Data Analyst
"
Name: Rahul Gowda

Education:
B.Com

Professional Summary:
Motivated Data Analyst candidate with knowledge of Reporting, Python, Data Cleaning. Passionate about learning new technologies and solving real-world problems.

Technical Skills:
Reporting, Python, Data Cleaning, Pivot Tables, SQL, Communication, Business Intelligence

Projects:
Financial Dashboard
Hospital Dashboard

Experience:
Fresher

Certification:
Excel Skills for Business
",Data Analyst
"
Name: Aditya Singh

Education:
BBA

Professional Summary:
Motivated Data Analyst candidate with knowledge of Pivot Tables, Reporting, Dashboard. Passionate about learning new technologies and solving real-world problems.

Technical Skills:
Pivot Tables, Reporting, Dashboard, Git, Pandas, Data Cleaning, SQL

Projects:
Financial Dashboard
Blinkit Dashboard

Experience:
1 Year Experience

Certification:
IBM Data Analyst Professional Certificate
",Data Analyst
"
Name: Nithya Reddy

Education:
B.Sc Data Science

Professional Summary:
Motivated Data Science candidate with knowledge of NumPy, Data Cleaning, Data Visualization. Passionate about learning new technologies and solving real-world problems.

Technical Skills:
NumPy, Data Cleaning, Data Visualization, Excel, Statistics, Matplotlib, Machine Learning

Projects:
Fraud Detection
Recommendation System

Experience:
1 Year Experience

Certification:
IBM Data Science Professional Certificate
",Data Science
"
Name: Arjun Gowda

Education:
BBA

Professional Summary:
Motivated Data Analyst candidate with knowledge of Pandas, Excel, SQL. Passionate about learning new technologies and solving real-world problems.

Technical Skills:
Pandas, Excel, SQL, Charts, Data Cleaning, Data Visualization, Reporting

Projects:
Financial Dashboard
Sales Dashboard

Experience:
Internship

Certification:
Google Data Analytics Professional Certificate
",Data Analyst
"
Name: Sneha Joshi

Education:
BBA

Professional Summary:
Motivated Data Analyst candidate with knowledge of Reporting, Power BI, Python. Passionate about learning new technologies and solving real-world problems.

Technical Skills:
Reporting, Power BI, Python, SQL, Communication, Excel, Git

Projects:
Retail Dashboard
Financial Dashboard

Experience:
1 Year Experience

Certification:
Excel Skills for Business
",Data Analyst
"
Name: Aditya Shetty

Education:
B.Tech Computer Science

Professional Summary:
Motivated Data Science candidate with knowledge of Machine Learning, Feature Engineering, Pandas. Passionate about learning new technologies and solving real-world problems.

Technical Skills:
Machine Learning, Feature Engineering, Pandas, Streamlit, Seaborn, Statistics, SQL

Projects:
Recommendation System
Stock Price Prediction

Experience:
Fresher

Certification:
AWS Certified Cloud Practitioner
",Data Science
"
Name: Arjun Reddy

Education:
BBA

Professional Summary:
Motivated Data Analyst candidate with knowledge of Git, Data Visualization, Dashboard. Passionate about learning new technologies and solving real-world problems.

Technical Skills:
Git, Data Visualization, Dashboard, Pivot Tables, Python, Power BI, Communication

Projects:
Customer Analysis
Retail Dashboard

Experience:
1 Year Experience

Certification:
Excel Skills for Business
",Data Analyst
"
Name: Kiran Gowda

Education:
B.Tech Computer Science

Professional Summary:
Motivated Data Science candidate with knowledge of Statistics, Feature Engineering, Seaborn. Passionate about learning new technologies and solving real-world problems.

Technical Skills:
Statistics, Feature Engineering, Seaborn, Scikit-learn, SQL, Excel, Machine Learning

Projects:
Fraud Detection
Resume Screening

Experience:
6 Months Internship

Certification:
Microsoft Certified Azure AI Fundamentals
",Data Science
"
Name: Nithya Gowda

Education:
B.Sc Data Science

Professional Summary:
Motivated Data Science candidate with knowledge of Scikit-learn, Machine Learning, Python. Passionate about learning new technologies and solving real-world problems.

Technical Skills:
Scikit-learn, Machine Learning, Python, Streamlit, NumPy, Seaborn, Excel

Projects:
Sentiment Analysis
Stock Price Prediction

Experience:
Fresher

Certification:
IBM Data Science Professional Certificate
",Data Science
"
Name: Rahul Shetty

Education:
MBA

Professional Summary:
Motivated Data Analyst candidate with knowledge of Pivot Tables, Python, Data Cleaning. Passionate about learning new technologies and solving real-world problems.

Technical Skills:
Pivot Tables, Python, Data Cleaning, Statistics, Power BI, Pandas, Data Visualization

Projects:
Hospital Dashboard
HR Dashboard

Experience:
1 Year Experience

Certification:
Excel Skills for Business
",Data Analyst
"
Name: Priya Shetty

Education:
B.Tech Computer Science

Professional Summary:
Motivated Data Science candidate with knowledge of SQL, Streamlit, Excel. Passionate about learning new technologies and solving real-world problems.

Technical Skills:
SQL, Streamlit, Excel, Seaborn, Feature Engineering, Machine Learning, Pandas

Projects:
Resume Screening
Sales Prediction

Experience:
Fresher

Certification:
NPTEL Python for Data Science
",Data Science
"
Name: Aditya Gowda

Education:
MCA

Professional Summary:
Motivated Data Science candidate with knowledge of Pandas, SQL, NumPy. Passionate about learning new technologies and solving real-world problems.

Technical Skills:
Pandas, SQL, NumPy, Data Visualization, Seaborn, Python, Machine Learning

Projects:
Sentiment Analysis
Fraud Detection

Experience:
Fresher

Certification:
AWS Certified Cloud Practitioner
",Data Science
"
Name: Priya Sharma

Education:
BBA

Professional Summary:
Motivated Data Analyst candidate with knowledge of Data Visualization, Charts, Communication. Passionate about learning new technologies and solving real-world problems.

Technical Skills:
Data Visualization, Charts, Communication, Pandas, Excel, Python, Data Cleaning

Projects:
HR Dashboard
Sales Dashboard

Experience:
Internship

Certification:
Google Data Analytics Professional Certificate
",Data Analyst
"
Name: Kiran Shetty

Education:
BBA

Professional Summary:
Motivated Data Analyst candidate with knowledge of Data Cleaning, Pivot Tables, Git. Passionate about learning new technologies and solving real-world problems.

Technical Skills:
Data Cleaning, Pivot Tables, Git, Python, SQL, Communication, Pandas

Projects:
Customer Analysis
Hospital Dashboard

Experience:
1 Year Experience

Certification:
IBM Data Analyst Professional Certificate
",Data Analyst
"
Name: Rohit Gowda

Education:
BBA

Professional Summary:
Motivated Data Analyst candidate with knowledge of Git, Dashboard, Pandas. Passionate about learning new technologies and solving real-world problems.

Technical Skills:
Git, Dashboard, Pandas, Business Intelligence, Pivot Tables, Charts, Reporting

Projects:
Retail Dashboard
Hospital Dashboard

Experience:
2 Years Experience

Certification:
Excel Skills for Business
",Data Analyst
"
Name: Kiran Joshi

Education:
B.Tech Computer Science

Professional Summary:
Motivated Data Science candidate with knowledge of Data Visualization, Matplotlib, SQL. Passionate about learning new technologies and solving real-world problems.

Technical Skills:
Data Visualization, Matplotlib, SQL, Streamlit, Data Cleaning, Feature Engineering, Pandas

Projects:
Sentiment Analysis
Resume Screening

Experience:
1 Year Experience

Certification:
Microsoft Certified Azure AI Fundamentals
",Data Science
"
Name: Priya Shetty

Education:
MCA

Professional Summary:
Motivated Data Science candidate with knowledge of Git, NumPy, Scikit-learn. Passionate about learning new technologies and solving real-world problems.

Technical Skills:
Git, NumPy, Scikit-learn, Python, Seaborn, Streamlit, Matplotlib

Projects:
Sales Prediction
Traffic Congestion Analysis

Experience:
6 Months Internship

Certification:
IBM Data Science Professional Certificate
",Data Science
"
Name: Rahul Shetty

Education:
MBA

Professional Summary:
Motivated Data Analyst candidate with knowledge of Reporting, Business Intelligence, Excel. Passionate about learning new technologies and solving real-world problems.

Technical Skills:
Reporting, Business Intelligence, Excel, Pivot Tables, Data Cleaning, Dashboard, Python

Projects:
Retail Dashboard
Hospital Dashboard

Experience:
1 Year Experience

Certification:
Google Data Analytics Professional Certificate
",Data Analyst
"
Name: Sneha Joshi

Education:
B.Tech Data Science

Professional Summary:
Motivated Data Analyst candidate with knowledge of Data Cleaning, Reporting, Business Intelligence. Passionate about learning new technologies and solving real-world problems.

Technical Skills:
Data Cleaning, Reporting, Business Intelligence, Charts, Pivot Tables, Python, Communication

Projects:
Sales Dashboard
Retail Dashboard

Experience:
Internship

Certification:
Microsoft Power BI Data Analyst Associate
",Data Analyst
"
Name: Aditya Kumar

Education:
B.Tech Data Science

Professional Summary:
Motivated Data Science candidate with knowledge of Data Cleaning, Seaborn, Machine Learning. Passionate about learning new technologies and solving real-world problems.

Technical Skills:
Data Cleaning, Seaborn, Machine Learning, Data Visualization, Streamlit, Matplotlib, Pandas

Projects:
Fraud Detection
Stock Price Prediction

Experience:
Fresher

Certification:
Google Data Analytics Professional Certificate
",Data Science
"
Name: Aditya Naidu

Education:
B.Sc Data Science

Professional Summary:
Motivated Data Science candidate with knowledge of Git, Seaborn, Statistics. Passionate about learning new technologies and solving real-world problems.

Technical Skills:
Git, Seaborn, Statistics, Matplotlib, Feature Engineering, Pandas, Streamlit

Projects:
Customer Churn Prediction
Sentiment Analysis

Experience:
2 Years Experience

Certification:
Microsoft Certified Azure AI Fundamentals
",Data Science
"
Name: Pooja Reddy

Education:
B.Tech Data Science

Professional Summary:
Motivated Data Analyst candidate with knowledge of Pandas, Excel, Statistics. Passionate about learning new technologies and solving real-world problems.

Technical Skills:
Pandas, Excel, Statistics, Data Visualization, Pivot Tables, Dashboard, Git

Projects:
Financial Dashboard
HR Dashboard

Experience:
Fresher

Certification:
Excel Skills for Business
",Data Analyst
"
Name: Arjun Patel

Education:
B.Tech Computer Science

Professional Summary:
Motivated Data Science candidate with knowledge of Statistics, Python, Pandas. Passionate about learning new technologies and solving real-world problems.

Technical Skills:
Statistics, Python, Pandas, Machine Learning, Scikit-learn, Streamlit, Seaborn

Projects:
Stock Price Prediction
Customer Churn Prediction

Experience:
Fresher

Certification:
NPTEL Python for Data Science
",Data Science
"
Name: Rahul Patel

Education:
B.Tech Computer Science

Professional Summary:
Motivated Data Science candidate with knowledge of Data Cleaning, Matplotlib, SQL. Passionate about learning new technologies and solving real-world problems.

Technical Skills:
Data Cleaning, Matplotlib, SQL, Excel, Machine Learning, Python, Seaborn

Projects:
Customer Churn Prediction
Resume Screening

Experience:
1 Year Experience

Certification:
IBM Data Science Professional Certificate
",Data Science
"
Name: Nithya Kumar

Education:
B.Tech Data Science

Professional Summary:
Motivated Data Analyst candidate with knowledge of Pandas, Business Intelligence, Python. Passionate about learning new technologies and solving real-world problems.

Technical Skills:
Pandas, Business Intelligence, Python, Reporting, Pivot Tables, Excel, SQL

Projects:
HR Dashboard
Marketing Dashboard

Experience:
1 Year Experience

Certification:
Microsoft Power BI Data Analyst Associate
",Data Analyst
"
Name: Kiran Shetty

Education:
B.Tech Computer Science

Professional Summary:
Motivated Data Science candidate with knowledge of Seaborn, Pandas, NumPy. Passionate about learning new technologies and solving real-world problems.

Technical Skills:
Seaborn, Pandas, NumPy, Data Cleaning, Streamlit, Scikit-learn, Statistics

Projects:
Sales Prediction
Customer Churn Prediction

Experience:
2 Years Experience

Certification:
Google Data Analytics Professional Certificate
",Data Science
"
Name: Arjun Verma

Education:
B.Com

Professional Summary:
Motivated Data Analyst candidate with knowledge of Pandas, Excel, Statistics. Passionate about learning new technologies and solving real-world problems.

Technical Skills:
Pandas, Excel, Statistics, Git, Business Intelligence, Pivot Tables, SQL

Projects:
Retail Dashboard
Sales Dashboard

Experience:
Internship

Certification:
IBM Data Analyst Professional Certificate
",Data Analyst
"
Name: Kiran Sharma

Education:
B.Sc Data Science

Professional Summary:
Motivated Data Science candidate with knowledge of Streamlit, Scikit-learn, NumPy. Passionate about learning new technologies and solving real-world problems.

Technical Skills:
Streamlit, Scikit-learn, NumPy, Seaborn, Data Visualization, Excel, Pandas

Projects:
Resume Screening
Recommendation System

Experience:
1 Year Experience

Certification:
Google Data Analytics Professional Certificate
",Data Science
"
Name: Arjun Singh

Education:
B.Tech Data Science

Professional Summary:
Motivated Data Analyst candidate with knowledge of Data Cleaning, Dashboard, Pandas. Passionate about learning new technologies and solving real-world problems.

Technical Skills:
Data Cleaning, Dashboard, Pandas, Pivot Tables, Power BI, Communication, Data Visualization

Projects:
Marketing Dashboard
Retail Dashboard

Experience:
Fresher

Certification:
NPTEL Data Analytics
",Data Analyst
"
Name: Aditya Gowda

Education:
MCA

Professional Summary:
Motivated Data Science candidate with knowledge of Feature Engineering, Git, Statistics. Passionate about learning new technologies and solving real-world problems.

Technical Skills:
Feature Engineering, Git, Statistics, Data Cleaning, SQL, NumPy, Scikit-learn

Projects:
Sales Prediction
Sentiment Analysis

Experience:
1 Year Experience

Certification:
Google Data Analytics Professional Certificate
",Data Science
"
Name: Rohit Singh

Education:
B.Com

Professional Summary:
Motivated Data Analyst candidate with knowledge of Data Cleaning, Pandas, Data Visualization. Passionate about learning new technologies and solving real-world problems.

Technical Skills:
Data Cleaning, Pandas, Data Visualization, Power BI, Dashboard, Excel, Charts

Projects:
Hospital Dashboard
Customer Analysis

Experience:
Internship

Certification:
Microsoft Power BI Data Analyst Associate
",Data Analyst
"
Name: Aarav Reddy

Education:
BBA

Professional Summary:
Motivated Data Analyst candidate with knowledge of Pivot Tables, Python, Git. Passionate about learning new technologies and solving real-world problems.

Technical Skills:
Pivot Tables, Python, Git, Charts, Excel, Data Visualization, SQL

Projects:
Financial Dashboard
Customer Analysis

Experience:
Internship

Certification:
IBM Data Analyst Professional Certificate
",Data Analyst
"
Name: Rohit Shetty

Education:
B.Com

Professional Summary:
Motivated Data Analyst candidate with knowledge of Communication, Dashboard, Reporting. Passionate about learning new technologies and solving real-world problems.

Technical Skills:
Communication, Dashboard, Reporting, Python, Excel, Power BI, Data Cleaning

Projects:
HR Dashboard
Customer Analysis

Experience:
2 Years Experience

Certification:
NPTEL Data Analytics
",Data Analyst
"
Name: Nithya Sharma

Education:
B.Com

Professional Summary:
Motivated Data Analyst candidate with knowledge of Git, Charts, Data Visualization. Passionate about learning new technologies and solving real-world problems.

Technical Skills:
Git, Charts, Data Visualization, Pandas, Dashboard, Data Cleaning, Business Intelligence

Projects:
Retail Dashboard
Sales Dashboard

Experience:
Internship

Certification:
IBM Data Analyst Professional Certificate
",Data Analyst
"
Name: Pooja Singh

Education:
MCA

Professional Summary:
Motivated Data Science candidate with knowledge of Streamlit, Machine Learning, Python. Passionate about learning new technologies and solving real-world problems.

Technical Skills:
Streamlit, Machine Learning, Python, Seaborn, SQL, NumPy, Pandas

Projects:
Sales Prediction
Fraud Detection

Experience:
1 Year Experience

Certification:
IBM Data Science Professional Certificate
",Data Science
"
Name: Rahul Naidu

Education:
MCA

Professional Summary:
Motivated Data Science candidate with knowledge of Statistics, Streamlit, Machine Learning. Passionate about learning new technologies and solving real-world problems.

Technical Skills:
Statistics, Streamlit, Machine Learning, Python, SQL, Data Visualization, Git

Projects:
Traffic Congestion Analysis
Sentiment Analysis

Experience:
1 Year Experience

Certification:
IBM Data Science Professional Certificate
",Data Science
"
Name: Aditya Patel

Education:
MCA

Professional Summary:
Motivated Data Science candidate with knowledge of Seaborn, Streamlit, Scikit-learn. Passionate about learning new technologies and solving real-world problems.

Technical Skills:
Seaborn, Streamlit, Scikit-learn, Data Cleaning, SQL, Pandas, Matplotlib

Projects:
Stock Price Prediction
Resume Screening

Experience:
1 Year Experience

Certification:
NPTEL Python for Data Science
",Data Science
"
Name: Nithya Verma

Education:
B.Sc Data Science

Professional Summary:
Motivated Data Science candidate with knowledge of SQL, Statistics, Python. Passionate about learning new technologies and solving real-world problems.

Technical Skills:
SQL, Statistics, Python, Streamlit, Data Cleaning, Excel, Matplotlib

Projects:
Resume Screening
Sales Prediction

Experience:
2 Years Experience

Certification:
Microsoft Certified Azure AI Fundamentals
",Data Science
"
Name: Kiran Singh

Education:
BBA

Professional Summary:
Motivated Data Analyst candidate with knowledge of Charts, Git, Statistics. Passionate about learning new technologies and solving real-world problems.

Technical Skills:
Charts, Git, Statistics, Pivot Tables, Communication, Business Intelligence, Dashboard

Projects:
Retail Dashboard
Marketing Dashboard

Experience:
1 Year Experience

Certification:
NPTEL Data Analytics
",Data Analyst
"
Name: Priya Singh

Education:
B.Sc Data Science

Professional Summary:
Motivated Data Science candidate with knowledge of Feature Engineering, Scikit-learn, SQL. Passionate about learning new technologies and solving real-world problems.

Technical Skills:
Feature Engineering, Scikit-learn, SQL, Pandas, Seaborn, NumPy, Git

Projects:
Recommendation System
Fraud Detection

Experience:
2 Years Experience

Certification:
AWS Certified Cloud Practitioner
",Data Science
"
Name: Aditya Shetty

Education:
B.Tech Data Science

Professional Summary:
Motivated Data Science candidate with knowledge of SQL, NumPy, Pandas. Passionate about learning new technologies and solving real-world problems.

Technical Skills:
SQL, NumPy, Pandas, Data Visualization, Python, Feature Engineering, Seaborn

Projects:
Sales Prediction
Sentiment Analysis

Experience:
Fresher

Certification:
IBM Data Science Professional Certificate
",Data Science
"
Name: Rahul Shetty

Education:
B.Com

Professional Summary:
Motivated Data Analyst candidate with knowledge of Communication, Reporting, Pivot Tables. Passionate about learning new technologies and solving real-world problems.

Technical Skills:
Communication, Reporting, Pivot Tables, Python, Charts, Data Visualization, Git

Projects:
Financial Dashboard
Retail Dashboard

Experience:
2 Years Experience

Certification:
IBM Data Analyst Professional Certificate
",Data Analyst
"
Name: Rahul Patel

Education:
MBA

Professional Summary:
Motivated Data Analyst candidate with knowledge of Power BI, Excel, Dashboard. Passionate about learning new technologies and solving real-world problems.

Technical Skills:
Power BI, Excel, Dashboard, Data Cleaning, Statistics, Communication, SQL

Projects:
Hospital Dashboard
Blinkit Dashboard

Experience:
2 Years Experience

Certification:
NPTEL Data Analytics
",Data Analyst
"
Name: Sneha Sharma

Education:
B.Tech Data Science

Professional Summary:
Motivated Data Science candidate with knowledge of NumPy, Seaborn, Excel. Passionate about learning new technologies and solving real-world problems.

Technical Skills:
NumPy, Seaborn, Excel, SQL, Pandas, Data Visualization, Feature Engineering

Projects:
Sentiment Analysis
Sales Prediction

Experience:
1 Year Experience

Certification:
IBM Data Science Professional Certificate
",Data Science
"
Name: Kiran Sharma

Education:
B.Tech Computer Science

Professional Summary:
Motivated Data Science candidate with knowledge of Pandas, Matplotlib, Python. Passionate about learning new technologies and solving real-world problems.

Technical Skills:
Pandas, Matplotlib, Python, Scikit-learn, Machine Learning, Statistics, Excel

Projects:
Fraud Detection
Stock Price Prediction

Experience:
Fresher

Certification:
AWS Certified Cloud Practitioner
",Data Science
"
Name: Rohit Verma

Education:
MCA

Professional Summary:
Motivated Data Science candidate with knowledge of Machine Learning, Python, Data Cleaning. Passionate about learning new technologies and solving real-world problems.

Technical Skills:
Machine Learning, Python, Data Cleaning, NumPy, Feature Engineering, SQL, Excel

Projects:
Customer Churn Prediction
Resume Screening

Experience:
6 Months Internship

Certification:
NPTEL Python for Data Science
",Data Science
"
Name: Priya Shetty

Education:
B.Sc Data Science

Professional Summary:
Motivated Data Science candidate with knowledge of Statistics, Python, Feature Engineering. Passionate about learning new technologies and solving real-world problems.

Technical Skills:
Statistics, Python, Feature Engineering, NumPy, Matplotlib, Excel, SQL

Projects:
Recommendation System
Customer Churn Prediction

Experience:
Fresher

Certification:
AWS Certified Cloud Practitioner
",Data Science
"
Name: Rahul Singh

Education:
B.Tech Data Science

Professional Summary:
Motivated Data Analyst candidate with knowledge of Git, Statistics, Dashboard. Passionate about learning new technologies and solving real-world problems.

Technical Skills:
Git, Statistics, Dashboard, SQL, Reporting, Data Visualization, Business Intelligence

Projects:
HR Dashboard
Retail Dashboard

Experience:
Fresher

Certification:
Google Data Analytics Professional Certificate
",Data Analyst
"
Name: Pooja Gowda

Education:
B.Tech Data Science

Professional Summary:
Motivated Data Analyst candidate with knowledge of SQL, Data Cleaning, Data Visualization. Passionate about learning new technologies and solving real-world problems.

Technical Skills:
SQL, Data Cleaning, Data Visualization, Pivot Tables, Business Intelligence, Reporting, Charts

Projects:
Financial Dashboard
Marketing Dashboard

Experience:
1 Year Experience

Certification:
Microsoft Power BI Data Analyst Associate
",Data Analyst
"
Name: Priya Joshi

Education:
B.Sc Data Science

Professional Summary:
Motivated Data Science candidate with knowledge of Python, Excel, Git. Passionate about learning new technologies and solving real-world problems.

Technical Skills:
Python, Excel, Git, Scikit-learn, Pandas, Seaborn, Streamlit

Projects:
Recommendation System
Fraud Detection

Experience:
Fresher

Certification:
IBM Data Science Professional Certificate
",Data Science
"
Name: Aarav Shetty

Education:
B.Tech Computer Science

Professional Summary:
Motivated Data Science candidate with knowledge of Git, Matplotlib, NumPy. Passionate about learning new technologies and solving real-world problems.

Technical Skills:
Git, Matplotlib, NumPy, Excel, Seaborn, SQL, Streamlit

Projects:
Resume Screening
Customer Churn Prediction

Experience:
Fresher

Certification:
IBM Data Science Professional Certificate
",Data Science
"
Name: Rahul Shetty

Education:
B.Com

Professional Summary:
Motivated Data Analyst candidate with knowledge of Business Intelligence, Statistics, Pivot Tables. Passionate about learning new technologies and solving real-world problems.

Technical Skills:
Business Intelligence, Statistics, Pivot Tables, Git, Power BI, Data Visualization, SQL

Projects:
Hospital Dashboard
Retail Dashboard

Experience:
2 Years Experience

Certification:
IBM Data Analyst Professional Certificate
",Data Analyst
"
Name: Aarav Naidu

Education:
BBA

Professional Summary:
Motivated Data Analyst candidate with knowledge of Charts, Python, Power BI. Passionate about learning new technologies and solving real-world problems.

Technical Skills:
Charts, Python, Power BI, Git, Pandas, SQL, Reporting

Projects:
Sales Dashboard
Customer Analysis

Experience:
Internship

Certification:
NPTEL Data Analytics
",Data Analyst
"
Name: Nithya Verma

Education:
B.Com

Professional Summary:
Motivated Data Analyst candidate with knowledge of Data Cleaning, Reporting, SQL. Passionate about learning new technologies and solving real-world problems.

Technical Skills:
Data Cleaning, Reporting, SQL, Pandas, Pivot Tables, Python, Data Visualization

Projects:
Customer Analysis
Retail Dashboard

Experience:
1 Year Experience

Certification:
Excel Skills for Business
",Data Analyst
"
Name: Arjun Gowda

Education:
MBA

Professional Summary:
Motivated Data Analyst candidate with knowledge of Git, Pivot Tables, Communication. Passionate about learning new technologies and solving real-world problems.

Technical Skills:
Git, Pivot Tables, Communication, Python, Statistics, SQL, Charts

Projects:
Hospital Dashboard
Financial Dashboard

Experience:
2 Years Experience

Certification:
Excel Skills for Business
",Data Analyst
"
Name: Nithya Patel

Education:
B.Tech Data Science

Professional Summary:
Motivated Data Science candidate with knowledge of Excel, SQL, Seaborn. Passionate about learning new technologies and solving real-world problems.

Technical Skills:
Excel, SQL, Seaborn, NumPy, Data Visualization, Python, Streamlit

Projects:
Traffic Congestion Analysis
Customer Churn Prediction

Experience:
2 Years Experience

Certification:
IBM Data Science Professional Certificate
",Data Science
"
Name: Arjun Kumar

Education:
B.Tech Data Science

Professional Summary:
Motivated Data Science candidate with knowledge of Scikit-learn, Git, Pandas. Passionate about learning new technologies and solving real-world problems.

Technical Skills:
Scikit-learn, Git, Pandas, SQL, Seaborn, Excel, Statistics

Projects:
Resume Screening
Sales Prediction

Experience:
Fresher

Certification:
NPTEL Python for Data Science
",Data Science
"
Name: Rohit Shetty

Education:
MBA

Professional Summary:
Motivated Data Analyst candidate with knowledge of Business Intelligence, Pivot Tables, Reporting. Passionate about learning new technologies and solving real-world problems.

Technical Skills:
Business Intelligence, Pivot Tables, Reporting, Data Cleaning, Statistics, Data Visualization, Charts

Projects:
Sales Dashboard
Customer Analysis

Experience:
1 Year Experience

Certification:
NPTEL Data Analytics
",Data Analyst
"
Name: Sneha Kumar

Education:
B.Tech Data Science

Professional Summary:
Motivated Data Science candidate with knowledge of Git, Streamlit, Statistics. Passionate about learning new technologies and solving real-world problems.

Technical Skills:
Git, Streamlit, Statistics, Data Visualization, Machine Learning, Seaborn, Scikit-learn

Projects:
Fraud Detection
Stock Price Prediction

Experience:
2 Years Experience

Certification:
Google Data Analytics Professional Certificate
",Data Science
"
Name: Rahul Reddy

Education:
BBA

Professional Summary:
Motivated Data Analyst candidate with knowledge of Pivot Tables, Statistics, Power BI. Passionate about learning new technologies and solving real-world problems.

Technical Skills:
Pivot Tables, Statistics, Power BI, Excel, Communication, Business Intelligence, Data Visualization

Projects:
Retail Dashboard
Customer Analysis

Experience:
1 Year Experience

Certification:
Microsoft Power BI Data Analyst Associate
",Data Analyst
"
Name: Kiran Shetty

Education:
B.Tech Data Science

Professional Summary:
Motivated Data Science candidate with knowledge of Pandas, Data Cleaning, Statistics. Passionate about learning new technologies and solving real-world problems.

Technical Skills:
Pandas, Data Cleaning, Statistics, SQL, Python, Matplotlib, NumPy

Projects:
Traffic Congestion Analysis
Fraud Detection

Experience:
Fresher

Certification:
IBM Data Science Professional Certificate
",Data Science
"
Name: Rohit Gowda

Education:
B.Sc Data Science

Professional Summary:
Motivated Data Science candidate with knowledge of Python, Excel, Pandas. Passionate about learning new technologies and solving real-world problems.

Technical Skills:
Python, Excel, Pandas, Scikit-learn, Streamlit, Data Cleaning, SQL

Projects:
Traffic Congestion Analysis
Stock Price Prediction

Experience:
2 Years Experience

Certification:
Microsoft Certified Azure AI Fundamentals
",Data Science
"
Name: Priya Verma

Education:
B.Sc Data Science

Professional Summary:
Motivated Data Science candidate with knowledge of Scikit-learn, Excel, Git. Passionate about learning new technologies and solving real-world problems.

Technical Skills:
Scikit-learn, Excel, Git, Python, Statistics, Pandas, NumPy

Projects:
Sales Prediction
Customer Churn Prediction

Experience:
2 Years Experience

Certification:
Google Data Analytics Professional Certificate
",Data Science
"
Name: Arjun Kumar

Education:
B.Tech Computer Science

Professional Summary:
Motivated Data Science candidate with knowledge of Matplotlib, SQL, Pandas. Passionate about learning new technologies and solving real-world problems.

Technical Skills:
Matplotlib, SQL, Pandas, Seaborn, Machine Learning, Git, Feature Engineering

Projects:
Sentiment Analysis
Customer Churn Prediction

Experience:
2 Years Experience

Certification:
AWS Certified Cloud Practitioner
",Data Science
"
Name: Rohit Shetty

Education:
MCA

Professional Summary:
Motivated Data Science candidate with knowledge of Data Visualization, Matplotlib, SQL. Passionate about learning new technologies and solving real-world problems.

Technical Skills:
Data Visualization, Matplotlib, SQL, Excel, Streamlit, Seaborn, Statistics

Projects:
Traffic Congestion Analysis
Sentiment Analysis

Experience:
2 Years Experience

Certification:
Google Data Analytics Professional Certificate
",Data Science
"
Name: Rahul Sharma

Education:
BBA

Professional Summary:
Motivated Data Analyst candidate with knowledge of SQL, Pivot Tables, Excel. Passionate about learning new technologies and solving real-world problems.

Technical Skills:
SQL, Pivot Tables, Excel, Data Cleaning, Dashboard, Communication, Business Intelligence

Projects:
HR Dashboard
Marketing Dashboard

Experience:
Internship

Certification:
Google Data Analytics Professional Certificate
",Data Analyst
"
Name: Arjun Joshi

Education:
B.Com

Professional Summary:
Motivated Data Analyst candidate with knowledge of Data Cleaning, Python, Pandas. Passionate about learning new technologies and solving real-world problems.

Technical Skills:
Data Cleaning, Python, Pandas, Data Visualization, Power BI, Business Intelligence, Charts

Projects:
Marketing Dashboard
Financial Dashboard

Experience:
2 Years Experience

Certification:
Microsoft Power BI Data Analyst Associate
",Data Analyst
"
Name: Sneha Joshi

Education:
B.Tech Data Science

Professional Summary:
Motivated Data Analyst candidate with knowledge of Pivot Tables, Python, Git. Passionate about learning new technologies and solving real-world problems.

Technical Skills:
Pivot Tables, Python, Git, Power BI, Statistics, Data Cleaning, Communication

Projects:
Financial Dashboard
Sales Dashboard

Experience:
Fresher

Certification:
Google Data Analytics Professional Certificate
",Data Analyst
"
Name: Rohit Sharma

Education:
MCA

Professional Summary:
Motivated Data Science candidate with knowledge of Streamlit, Data Visualization, Machine Learning. Passionate about learning new technologies and solving real-world problems.

Technical Skills:
Streamlit, Data Visualization, Machine Learning, Seaborn, Scikit-learn, Matplotlib, Excel

Projects:
Sentiment Analysis
Stock Price Prediction

Experience:
Fresher

Certification:
Google Data Analytics Professional Certificate
",Data Science
"
Name: Rahul Reddy

Education:
BBA

Professional Summary:
Motivated Data Analyst candidate with knowledge of Reporting, Data Visualization, Statistics. Passionate about learning new technologies and solving real-world problems.

Technical Skills:
Reporting, Data Visualization, Statistics, Python, Power BI, Charts, Business Intelligence

Projects:
Marketing Dashboard
HR Dashboard

Experience:
1 Year Experience

Certification:
NPTEL Data Analytics
",Data Analyst
"
Name: Rahul Reddy

Education:
MBA

Professional Summary:
Motivated Data Analyst candidate with knowledge of Statistics, SQL, Power BI. Passionate about learning new technologies and solving real-world problems.

Technical Skills:
Statistics, SQL, Power BI, Dashboard, Reporting, Business Intelligence, Communication

Projects:
Sales Dashboard
HR Dashboard

Experience:
Internship

Certification:
Microsoft Power BI Data Analyst Associate
",Data Analyst
"
Name: Rohit Patel

Education:
B.Tech Data Science

Professional Summary:
Motivated Data Science candidate with knowledge of SQL, Python, NumPy. Passionate about learning new technologies and solving real-world problems.

Technical Skills:
SQL, Python, NumPy, Scikit-learn, Data Visualization, Data Cleaning, Matplotlib

Projects:
Recommendation System
Customer Churn Prediction

Experience:
Fresher

Certification:
IBM Data Science Professional Certificate
",Data Science
"
Name: Aditya Patel

Education:
B.Tech Computer Science

Professional Summary:
Motivated Data Science candidate with knowledge of Excel, Machine Learning, Python. Passionate about learning new technologies and solving real-world problems.

Technical Skills:
Excel, Machine Learning, Python, NumPy, Seaborn, Statistics, Feature Engineering

Projects:
Traffic Congestion Analysis
Recommendation System

Experience:
1 Year Experience

Certification:
Microsoft Certified Azure AI Fundamentals
",Data Science
"
Name: Rahul Joshi

Education:
B.Tech Data Science

Professional Summary:
Motivated Data Analyst candidate with knowledge of Communication, SQL, Pandas. Passionate about learning new technologies and solving real-world problems.

Technical Skills:
Communication, SQL, Pandas, Pivot Tables, Business Intelligence, Data Cleaning, Python

Projects:
HR Dashboard
Marketing Dashboard

Experience:
2 Years Experience

Certification:
Google Data Analytics Professional Certificate
",Data Analyst
"
Name: Nithya Singh

Education:
MBA

Professional Summary:
Motivated Data Analyst candidate with knowledge of Pivot Tables, Pandas, Statistics. Passionate about learning new technologies and solving real-world problems.

Technical Skills:
Pivot Tables, Pandas, Statistics, Excel, Business Intelligence, Charts, Dashboard

Projects:
Sales Dashboard
HR Dashboard

Experience:
Internship

Certification:
Excel Skills for Business
",Data Analyst
"
Name: Rohit Patel

Education:
MBA

Professional Summary:
Motivated Data Analyst candidate with knowledge of Business Intelligence, Git, Charts. Passionate about learning new technologies and solving real-world problems.

Technical Skills:
Business Intelligence, Git, Charts, Data Cleaning, Dashboard, Pandas, Python

Projects:
Customer Analysis
Hospital Dashboard

Experience:
Fresher

Certification:
IBM Data Analyst Professional Certificate
",Data Analyst
"
Name: Pooja Sharma

Education:
B.Com

Professional Summary:
Motivated Data Analyst candidate with knowledge of Power BI, Business Intelligence, Charts. Passionate about learning new technologies and solving real-world problems.

Technical Skills:
Power BI, Business Intelligence, Charts, Reporting, Communication, Pivot Tables, Python

Projects:
Sales Dashboard
Marketing Dashboard

Experience:
1 Year Experience

Certification:
Microsoft Power BI Data Analyst Associate
",Data Analyst
"
Name: Rohit Sharma

Education:
MCA

Professional Summary:
Motivated Data Science candidate with knowledge of Python, NumPy, Pandas. Passionate about learning new technologies and solving real-world problems.

Technical Skills:
Python, NumPy, Pandas, Machine Learning, Feature Engineering, Matplotlib, Statistics

Projects:
Traffic Congestion Analysis
Sales Prediction

Experience:
1 Year Experience

Certification:
Google Data Analytics Professional Certificate
",Data Science
"
Name: Kiran Reddy

Education:
B.Tech Data Science

Professional Summary:
Motivated Data Analyst candidate with knowledge of Charts, Data Visualization, Pandas. Passionate about learning new technologies and solving real-world problems.

Technical Skills:
Charts, Data Visualization, Pandas, Excel, Statistics, Reporting, Power BI

Projects:
Financial Dashboard
Customer Analysis

Experience:
Internship

Certification:
NPTEL Data Analytics
",Data Analyst
"
Name: Arjun Naidu

Education:
B.Tech Data Science

Professional Summary:
Motivated Data Science candidate with knowledge of Matplotlib, Streamlit, Pandas. Passionate about learning new technologies and solving real-world problems.

Technical Skills:
Matplotlib, Streamlit, Pandas, NumPy, Excel, Data Visualization, Machine Learning

Projects:
Recommendation System
Sales Prediction

Experience:
Fresher

Certification:
Google Data Analytics Professional Certificate
",Data Science
"
Name: Rohit Joshi

Education:
B.Tech Data Science

Professional Summary:
Motivated Data Science candidate with knowledge of Streamlit, Statistics, Excel. Passionate about learning new technologies and solving real-world problems.

Technical Skills:
Streamlit, Statistics, Excel, Data Visualization, SQL, Pandas, Git

Projects:
Stock Price Prediction
Customer Churn Prediction

Experience:
6 Months Internship

Certification:
IBM Data Science Professional Certificate
",Data Science
"
Name: Rohit Patel

Education:
MBA

Professional Summary:
Motivated Data Analyst candidate with knowledge of Power BI, Business Intelligence, Dashboard. Passionate about learning new technologies and solving real-world problems.

Technical Skills:
Power BI, Business Intelligence, Dashboard, Data Visualization, Python, Pivot Tables, Reporting

Projects:
Marketing Dashboard
HR Dashboard

Experience:
Internship

Certification:
Excel Skills for Business
",Data Analyst
"
Name: Pooja Sharma

Education:
B.Com

Professional Summary:
Motivated Data Analyst candidate with knowledge of Charts, Python, Data Visualization. Passionate about learning new technologies and solving real-world problems.

Technical Skills:
Charts, Python, Data Visualization, Business Intelligence, Statistics, Reporting, Pandas

Projects:
HR Dashboard
Blinkit Dashboard

Experience:
Internship

Certification:
IBM Data Analyst Professional Certificate
",Data Analyst
"
Name: Rahul Verma

Education:
MCA

Professional Summary:
Motivated Data Science candidate with knowledge of Python, Data Visualization, Statistics. Passionate about learning new technologies and solving real-world problems.

Technical Skills:
Python, Data Visualization, Statistics, Git, Pandas, Seaborn, SQL

Projects:
Customer Churn Prediction
Resume Screening

Experience:
6 Months Internship

Certification:
Google Data Analytics Professional Certificate
",Data Science
"
Name: Rohit Patel

Education:
BBA

Professional Summary:
Motivated Data Analyst candidate with knowledge of Statistics, Python, Pandas. Passionate about learning new technologies and solving real-world problems.

Technical Skills:
Statistics, Python, Pandas, Communication, SQL, Data Cleaning, Power BI

Projects:
Sales Dashboard
Financial Dashboard

Experience:
Fresher

Certification:
Microsoft Power BI Data Analyst Associate
",Data Analyst
"
Name: Aarav Verma

Education:
B.Tech Data Science

Professional Summary:
Motivated Data Science candidate with knowledge of Machine Learning, Streamlit, Scikit-learn. Passionate about learning new technologies and solving real-world problems.

Technical Skills:
Machine Learning, Streamlit, Scikit-learn, Data Visualization, Statistics, SQL, Excel

Projects:
Resume Screening
Stock Price Prediction

Experience:
Fresher

Certification:
IBM Data Science Professional Certificate
",Data Science
"
Name: Kiran Joshi

Education:
MBA

Professional Summary:
Motivated Data Analyst candidate with knowledge of Charts, Power BI, Communication. Passionate about learning new technologies and solving real-world problems.

Technical Skills:
Charts, Power BI, Communication, Data Visualization, Python, Reporting, Statistics

Projects:
HR Dashboard
Customer Analysis

Experience:
1 Year Experience

Certification:
NPTEL Data Analytics
",Data Analyst
"
Name: Rohit Shetty

Education:
B.Sc Data Science

Professional Summary:
Motivated Data Science candidate with knowledge of NumPy, SQL, Git. Passionate about learning new technologies and solving real-world problems.

Technical Skills:
NumPy, SQL, Git, Feature Engineering, Data Visualization, Scikit-learn, Python

Projects:
Traffic Congestion Analysis
Customer Churn Prediction

Experience:
1 Year Experience

Certification:
IBM Data Science Professional Certificate
",Data Science
"
Name: Arjun Shetty

Education:
B.Tech Computer Science

Professional Summary:
Motivated Data Science candidate with knowledge of NumPy, Pandas, Feature Engineering. Passionate about learning new technologies and solving real-world problems.

Technical Skills:
NumPy, Pandas, Feature Engineering, Streamlit, Matplotlib, Seaborn, Statistics

Projects:
Customer Churn Prediction
Recommendation System

Experience:
6 Months Internship

Certification:
Microsoft Certified Azure AI Fundamentals
",Data Science
"
Name: Kiran Verma

Education:
B.Com

Professional Summary:
Motivated Data Analyst candidate with knowledge of Git, Data Cleaning, Pivot Tables. Passionate about learning new technologies and solving real-world problems.

Technical Skills:
Git, Data Cleaning, Pivot Tables, Data Visualization, Statistics, Pandas, SQL

Projects:
HR Dashboard
Blinkit Dashboard

Experience:
1 Year Experience

Certification:
IBM Data Analyst Professional Certificate
",Data Analyst
"
Name: Rohit Singh

Education:
B.Com

Professional Summary:
Motivated Data Analyst candidate with knowledge of Statistics, Power BI, Excel. Passionate about learning new technologies and solving real-world problems.

Technical Skills:
Statistics, Power BI, Excel, Pandas, Git, Data Visualization, Charts

Projects:
Blinkit Dashboard
Hospital Dashboard

Experience:
Internship

Certification:
Microsoft Power BI Data Analyst Associate
",Data Analyst
